product_id,product_name,category,unit_cost,reorder_level
1,Product_1,Sports,231.58,177
2,Product_2,Automotive,1299.56,140
3,Product_3,Beauty,3581.08,74
4,Product_4,Apparel,4481.27,163
5,Product_5,Electronics,2582.8,31
6,Product_6,Automotive,2683.96,164
7,Product_7,Medical,580.5,163
8,Product_8,Electronics,2264.69,159
9,Product_9,Apparel,2686.46,155
10,Product_10,Furniture,1250.23,22
11,Product_11,Groceries,1382.75,163
12,Product_12,Beauty,1917.56,49
13,Product_13,Sports,149.35,42
14,Product_14,Apparel,1644.29,111
15,Product_15,Automotive,1096.67,134
16,Product_16,Beauty,1671.11,123
17,Product_17,Beauty,642.82,137
18,Product_18,Beauty,4458.11,24
19,Product_19,Electronics,2988.28,123
20,Product_20,Groceries,3411.56,127
21,Product_21,Electronics,3956.4,84
22,Product_22,Automotive,2517.29,140
23,Product_23,Electronics,480.26,49
24,Product_24,Furniture,2708.68,168
25,Product_25,Groceries,2954.86,103
26,Product_26,Groceries,3739.93,169
27,Product_27,Automotive,2186.71,51
28,Product_28,Sports,681.52,180
29,Product_29,Furniture,1454.69,35
30,Product_30,Apparel,1847.26,57
31,Product_31,Electronics,3247.29,161
32,Product_32,Medical,2875.35,55
33,Product_33,Electronics,1812.68,170
34,Product_34,Beauty,4933.25,133
35,Product_35,Electronics,3048.59,85
36,Product_36,Apparel,1224.27,124
37,Product_37,Electronics,553.82,104
38,Product_38,Furniture,806.65,21
39,Product_39,Furniture,1267.49,94
40,Product_40,Groceries,845.37,86
41,Product_41,Automotive,973.51,199
42,Product_42,Sports,1461.22,170
43,Product_43,Medical,908.2,173
44,Product_44,Beauty,4488.99,74
45,Product_45,Electronics,447.16,25
46,Product_46,Electronics,2646.33,182
47,Product_47,Apparel,2081.46,169
48,Product_48,Automotive,4912.77,190
49,Product_49,Furniture,604.59,162
50,Product_50,Medical,2019.39,105
51,Product_51,Groceries,4848.88,79
52,Product_52,Furniture,4334.26,120
53,Product_53,Beauty,4094.51,31
54,Product_54,Automotive,1326.62,68
55,Product_55,Beauty,895.89,61
56,Product_56,Sports,3359.78,185
57,Product_57,Groceries,4650.41,101
58,Product_58,Sports,2805.98,192
59,Product_59,Apparel,2879.48,54
60,Product_60,Beauty,1435.9,177
61,Product_61,Apparel,3858.99,177
62,Product_62,Electronics,975.87,153
63,Product_63,Sports,1652.21,86
64,Product_64,Automotive,2155.91,99
65,Product_65,Beauty,2562.67,26
66,Product_66,Medical,1249.93,199
67,Product_67,Groceries,618.44,33
68,Product_68,Furniture,3072.57,92
69,Product_69,Automotive,1478.72,162
70,Product_70,Automotive,2927.13,168
71,Product_71,Apparel,814.1,182
72,Product_72,Sports,2431.64,85
73,Product_73,Beauty,2686.32,110
74,Product_74,Beauty,306.53,149
75,Product_75,Electronics,1716.19,182
76,Product_76,Electronics,715.35,39
77,Product_77,Groceries,363.71,29
78,Product_78,Apparel,4950.3,44
79,Product_79,Automotive,1645.65,44
80,Product_80,Beauty,4058.88,73
81,Product_81,Medical,1310.47,52
82,Product_82,Apparel,3423.44,183
83,Product_83,Groceries,3813.13,114
84,Product_84,Groceries,2998.41,33
85,Product_85,Apparel,2384.3,84
86,Product_86,Groceries,2088.61,129
87,Product_87,Apparel,1776.9,99
88,Product_88,Furniture,4651.17,73
89,Product_89,Apparel,4161.57,144
90,Product_90,Sports,4826.88,199
91,Product_91,Apparel,665.27,150
92,Product_92,Groceries,3667.79,188
93,Product_93,Beauty,4694.79,153
94,Product_94,Sports,947.1,44
95,Product_95,Groceries,379.16,160
96,Product_96,Electronics,3718.55,136
97,Product_97,Electronics,2893.64,155
98,Product_98,Beauty,4217.05,168
99,Product_99,Beauty,741.87,44
100,Product_100,Sports,3986.57,98
101,Product_101,Furniture,1048.06,87
102,Product_102,Beauty,860.1,192
103,Product_103,Electronics,863.12,31
104,Product_104,Apparel,4082.14,51
105,Product_105,Groceries,3342.73,147
106,Product_106,Electronics,2639.17,115
107,Product_107,Electronics,1826.21,111
108,Product_108,Furniture,4392.14,160
109,Product_109,Sports,1992.6,50
110,Product_110,Sports,4092.17,97
111,Product_111,Automotive,2223.72,39
112,Product_112,Furniture,1915.87,165
113,Product_113,Apparel,2340.26,79
114,Product_114,Sports,1541.82,153
115,Product_115,Groceries,3750.67,179
116,Product_116,Beauty,2538.47,112
117,Product_117,Furniture,1199.45,62
118,Product_118,Beauty,4502.89,149
119,Product_119,Electronics,1950.26,79
120,Product_120,Groceries,2740.59,170
121,Product_121,Groceries,4537.04,50
122,Product_122,Electronics,3139.98,24
123,Product_123,Furniture,628.65,181
124,Product_124,Electronics,4702.17,29
125,Product_125,Beauty,3157.15,108
126,Product_126,Automotive,1707.78,149
127,Product_127,Groceries,739.4,145
128,Product_128,Medical,3980.42,30
129,Product_129,Medical,3119.36,197
130,Product_130,Beauty,2690.63,178
131,Product_131,Apparel,4474.77,75
132,Product_132,Sports,3953.56,102
133,Product_133,Electronics,800.79,156
134,Product_134,Electronics,1593.02,118
135,Product_135,Apparel,1280.02,168
136,Product_136,Apparel,3732.53,92
137,Product_137,Beauty,215.99,175
138,Product_138,Beauty,2870.95,134
139,Product_139,Apparel,3824.17,26
140,Product_140,Groceries,4389.99,99
141,Product_141,Beauty,1743.3,163
142,Product_142,Automotive,4115.22,116
143,Product_143,Beauty,597.63,23
144,Product_144,Electronics,4239.94,23
145,Product_145,Beauty,681.07,122
146,Product_146,Groceries,2016.57,59
147,Product_147,Apparel,3996.61,36
148,Product_148,Electronics,792.09,120
149,Product_149,Beauty,1184.79,122
150,Product_150,Groceries,3625.15,143
151,Product_151,Automotive,3614.18,71
152,Product_152,Beauty,3223.68,71
153,Product_153,Groceries,3485.04,183
154,Product_154,Automotive,2736.49,143
155,Product_155,Apparel,1296.41,185
156,Product_156,Beauty,1761.2,197
157,Product_157,Automotive,948.91,82
158,Product_158,Electronics,4546.83,135
159,Product_159,Apparel,2937.79,81
160,Product_160,Electronics,2034.21,26
161,Product_161,Medical,2336.93,174
162,Product_162,Furniture,4739.05,111
163,Product_163,Beauty,809.09,33
164,Product_164,Automotive,2951.84,105
165,Product_165,Furniture,2554.15,152
166,Product_166,Furniture,3076.7,149
167,Product_167,Automotive,139.65,81
168,Product_168,Apparel,4367.01,168
169,Product_169,Beauty,4663.99,98
170,Product_170,Medical,2847.41,168
171,Product_171,Electronics,3498.42,157
172,Product_172,Groceries,4616.37,77
173,Product_173,Electronics,3550.83,139
174,Product_174,Groceries,805.07,186
175,Product_175,Electronics,2902.63,152
176,Product_176,Automotive,3053.24,84
177,Product_177,Medical,2149.45,32
178,Product_178,Beauty,3695.4,101
179,Product_179,Groceries,4675.12,192
180,Product_180,Beauty,4631.56,179
181,Product_181,Beauty,2281.65,183
182,Product_182,Beauty,610.53,158
183,Product_183,Sports,4924.96,168
184,Product_184,Apparel,4202.55,71
185,Product_185,Electronics,667.08,136
186,Product_186,Beauty,4608.17,45
187,Product_187,Electronics,4355.99,53
188,Product_188,Beauty,2618.25,71
189,Product_189,Groceries,2976.81,131
190,Product_190,Apparel,2025.06,101
191,Product_191,Apparel,321.07,199
192,Product_192,Automotive,1709.23,176
193,Product_193,Sports,4024.12,185
194,Product_194,Automotive,72.93,61
195,Product_195,Automotive,1700.82,40
196,Product_196,Automotive,2020.94,61
197,Product_197,Automotive,2710.11,160
198,Product_198,Automotive,4603.29,132
199,Product_199,Medical,1764.41,124
200,Product_200,Apparel,1767.42,36
201,Product_201,Automotive,3700.63,139
202,Product_202,Beauty,2288.48,156
203,Product_203,Apparel,1161.79,188
204,Product_204,Apparel,2289.58,148
205,Product_205,Furniture,747.24,149
206,Product_206,Medical,923.12,79
207,Product_207,Automotive,2516.92,67
208,Product_208,Electronics,2123.68,48
209,Product_209,Groceries,4578.49,116
210,Product_210,Sports,1843.85,29
211,Product_211,Beauty,2923.91,77
212,Product_212,Electronics,3179.71,40
213,Product_213,Medical,114.82,47
214,Product_214,Groceries,3334.51,53
215,Product_215,Medical,931.28,27
216,Product_216,Beauty,4807.3,196
217,Product_217,Apparel,785.88,98
218,Product_218,Groceries,2102.39,164
219,Product_219,Apparel,472.48,106
220,Product_220,Beauty,4984.53,107
221,Product_221,Electronics,2535.87,192
222,Product_222,Beauty,2997.16,88
223,Product_223,Electronics,382.03,179
224,Product_224,Groceries,3762.3,191
225,Product_225,Groceries,1089.03,106
226,Product_226,Automotive,4495.37,120
227,Product_227,Medical,1065.44,27
228,Product_228,Automotive,993.9,96
229,Product_229,Medical,230.92,106
230,Product_230,Automotive,2386.73,62
231,Product_231,Apparel,2845.96,148
232,Product_232,Groceries,375.26,128
233,Product_233,Electronics,3888.86,198
234,Product_234,Medical,2293.78,171
235,Product_235,Beauty,2645.73,171
236,Product_236,Medical,2231.78,36
237,Product_237,Electronics,2033.78,152
238,Product_238,Automotive,2820.22,167
239,Product_239,Medical,818.44,40
240,Product_240,Sports,950.54,77
241,Product_241,Apparel,4315.84,178
242,Product_242,Groceries,4733.27,129
243,Product_243,Electronics,1897.88,158
244,Product_244,Groceries,1390.19,199
245,Product_245,Sports,3237.8,162
246,Product_246,Medical,2073.23,154
247,Product_247,Medical,175.66,47
248,Product_248,Beauty,822.96,70
249,Product_249,Sports,3594.06,24
250,Product_250,Electronics,3311.67,24
251,Product_251,Beauty,184.13,113
252,Product_252,Apparel,1148.76,115
253,Product_253,Beauty,1193.82,27
254,Product_254,Furniture,3375.87,83
255,Product_255,Electronics,147.57,157
256,Product_256,Furniture,565.34,57
257,Product_257,Sports,4009.58,130
258,Product_258,Automotive,933.8,131
259,Product_259,Furniture,3281.09,100
260,Product_260,Apparel,1229.0,155
261,Product_261,Beauty,542.23,123
262,Product_262,Automotive,1253.7,172
263,Product_263,Beauty,3625.22,92
264,Product_264,Furniture,4285.7,197
265,Product_265,Beauty,4159.59,68
266,Product_266,Sports,2016.06,55
267,Product_267,Automotive,3357.02,145
268,Product_268,Sports,1064.67,87
269,Product_269,Furniture,1501.08,97
270,Product_270,Sports,4486.86,124
271,Product_271,Apparel,114.36,188
272,Product_272,Furniture,473.27,141
273,Product_273,Furniture,1079.04,138
274,Product_274,Furniture,181.33,133
275,Product_275,Electronics,948.11,29
276,Product_276,Beauty,2936.06,168
277,Product_277,Electronics,2136.05,183
278,Product_278,Electronics,4468.72,159
279,Product_279,Apparel,4096.35,110
280,Product_280,Automotive,1742.0,21
281,Product_281,Beauty,1334.15,137
282,Product_282,Sports,1929.48,32
283,Product_283,Medical,2971.96,179
284,Product_284,Furniture,1376.92,114
285,Product_285,Sports,3139.54,163
286,Product_286,Furniture,2076.59,51
287,Product_287,Apparel,2782.63,51
288,Product_288,Furniture,2208.83,143
289,Product_289,Electronics,1507.61,30
290,Product_290,Beauty,4744.84,29
291,Product_291,Medical,3829.85,34
292,Product_292,Groceries,743.56,36
293,Product_293,Furniture,4348.92,187
294,Product_294,Sports,2462.78,165
295,Product_295,Electronics,4478.03,172
296,Product_296,Groceries,4009.28,78
297,Product_297,Medical,2154.81,97
298,Product_298,Groceries,161.22,143
299,Product_299,Electronics,1379.95,133
300,Product_300,Beauty,2731.09,41
301,Product_301,Beauty,3185.72,177
302,Product_302,Automotive,1326.54,191
303,Product_303,Beauty,739.81,51
304,Product_304,Automotive,4182.9,198
305,Product_305,Groceries,4922.79,193
306,Product_306,Apparel,2652.17,132
307,Product_307,Sports,899.81,139
308,Product_308,Sports,1397.92,168
309,Product_309,Groceries,141.03,141
310,Product_310,Furniture,4575.78,51
311,Product_311,Furniture,632.87,138
312,Product_312,Beauty,2903.76,58
313,Product_313,Sports,1406.57,31
314,Product_314,Sports,2793.18,194
315,Product_315,Automotive,3274.53,37
316,Product_316,Apparel,4157.22,168
317,Product_317,Electronics,1071.79,160
318,Product_318,Furniture,104.43,168
319,Product_319,Sports,727.58,145
320,Product_320,Automotive,4505.09,155
321,Product_321,Medical,4375.76,65
322,Product_322,Automotive,3007.19,123
323,Product_323,Furniture,3022.56,154
324,Product_324,Furniture,3341.93,170
325,Product_325,Automotive,918.09,105
326,Product_326,Electronics,4576.34,169
327,Product_327,Groceries,2122.91,108
328,Product_328,Furniture,1946.54,41
329,Product_329,Automotive,2618.64,111
330,Product_330,Sports,282.48,48
331,Product_331,Automotive,873.1,32
332,Product_332,Apparel,3703.27,21
333,Product_333,Groceries,459.85,48
334,Product_334,Medical,3035.6,199
335,Product_335,Electronics,1264.48,46
336,Product_336,Beauty,1977.01,69
337,Product_337,Medical,1479.03,114
338,Product_338,Groceries,1810.58,170
339,Product_339,Groceries,3609.28,107
340,Product_340,Groceries,1520.75,63
341,Product_341,Medical,2853.7,41
342,Product_342,Sports,2406.45,190
343,Product_343,Groceries,3335.17,184
344,Product_344,Automotive,4687.31,116
345,Product_345,Medical,3676.23,22
346,Product_346,Beauty,1113.95,137
347,Product_347,Groceries,204.36,38
348,Product_348,Automotive,1348.21,42
349,Product_349,Sports,2995.64,176
350,Product_350,Apparel,304.56,49
351,Product_351,Sports,2507.01,58
352,Product_352,Beauty,3004.37,127
353,Product_353,Groceries,1704.51,130
354,Product_354,Beauty,3866.02,44
355,Product_355,Medical,577.66,147
356,Product_356,Furniture,421.93,130
357,Product_357,Groceries,3654.53,155
358,Product_358,Furniture,2502.68,125
359,Product_359,Automotive,3457.59,163
360,Product_360,Apparel,2202.4,91
361,Product_361,Electronics,1269.69,148
362,Product_362,Beauty,4104.56,127
363,Product_363,Sports,4007.11,24
364,Product_364,Apparel,3488.75,22
365,Product_365,Groceries,1397.12,151
366,Product_366,Furniture,2971.64,123
367,Product_367,Sports,1836.82,83
368,Product_368,Furniture,503.33,125
369,Product_369,Medical,4590.7,117
370,Product_370,Furniture,727.25,29
371,Product_371,Medical,4753.67,168
372,Product_372,Automotive,2257.73,147
373,Product_373,Sports,966.41,65
374,Product_374,Sports,2732.41,174
375,Product_375,Electronics,4371.08,85
376,Product_376,Groceries,3674.51,188
377,Product_377,Medical,4042.48,131
378,Product_378,Electronics,3310.98,32
379,Product_379,Furniture,3476.77,156
380,Product_380,Furniture,4253.52,183
381,Product_381,Electronics,1285.86,105
382,Product_382,Sports,2472.65,109
383,Product_383,Furniture,1144.99,77
384,Product_384,Beauty,4938.96,73
385,Product_385,Automotive,4723.09,31
386,Product_386,Automotive,245.16,33
387,Product_387,Beauty,3542.6,140
388,Product_388,Electronics,4629.98,181
389,Product_389,Beauty,943.85,140
390,Product_390,Medical,2861.33,39
391,Product_391,Medical,4581.67,94
392,Product_392,Electronics,218.03,163
393,Product_393,Beauty,3502.23,89
394,Product_394,Medical,1521.88,75
395,Product_395,Sports,4625.76,120
396,Product_396,Beauty,4856.74,151
397,Product_397,Sports,4724.12,130
398,Product_398,Medical,2397.36,144
399,Product_399,Automotive,4317.11,151
400,Product_400,Medical,4230.52,39
401,Product_401,Sports,1629.55,157
402,Product_402,Apparel,4153.13,43
403,Product_403,Groceries,233.19,173
404,Product_404,Furniture,3001.54,56
405,Product_405,Beauty,1188.54,73
406,Product_406,Apparel,646.81,122
407,Product_407,Medical,430.92,168
408,Product_408,Automotive,3496.63,57
409,Product_409,Electronics,1732.38,193
410,Product_410,Medical,3637.6,23
411,Product_411,Automotive,373.51,76
412,Product_412,Groceries,1610.69,192
413,Product_413,Medical,2720.48,39
414,Product_414,Sports,3964.08,36
415,Product_415,Electronics,1627.82,138
416,Product_416,Automotive,3148.16,90
417,Product_417,Automotive,4435.59,23
418,Product_418,Automotive,3098.52,33
419,Product_419,Groceries,1203.15,22
420,Product_420,Medical,170.78,99
421,Product_421,Groceries,4356.99,74
422,Product_422,Beauty,155.28,151
423,Product_423,Furniture,4379.77,139
424,Product_424,Furniture,2668.24,43
425,Product_425,Beauty,4698.39,181
426,Product_426,Medical,4003.98,177
427,Product_427,Sports,4989.77,101
428,Product_428,Groceries,1786.02,166
429,Product_429,Electronics,3847.58,178
430,Product_430,Automotive,2039.56,79
431,Product_431,Automotive,2425.38,166
432,Product_432,Medical,3156.15,68
433,Product_433,Sports,4374.7,82
434,Product_434,Furniture,4921.21,129
435,Product_435,Furniture,3852.95,169
436,Product_436,Automotive,2117.95,171
437,Product_437,Medical,2135.72,128
438,Product_438,Groceries,3701.03,95
439,Product_439,Furniture,1231.95,49
440,Product_440,Groceries,596.85,77
441,Product_441,Sports,1805.38,136
442,Product_442,Furniture,1471.83,178
443,Product_443,Furniture,1516.73,119
444,Product_444,Apparel,1206.36,38
445,Product_445,Furniture,258.36,195
446,Product_446,Beauty,138.48,192
447,Product_447,Electronics,4939.23,113
448,Product_448,Beauty,2167.48,132
449,Product_449,Medical,1952.42,165
450,Product_450,Medical,3414.25,82
451,Product_451,Groceries,1130.36,135
452,Product_452,Beauty,4752.31,132
453,Product_453,Beauty,3942.41,66
454,Product_454,Beauty,492.58,76
455,Product_455,Sports,2117.02,137
456,Product_456,Furniture,4401.64,64
457,Product_457,Electronics,4726.42,180
458,Product_458,Groceries,2363.64,164
459,Product_459,Beauty,3086.39,23
460,Product_460,Beauty,876.82,167
461,Product_461,Apparel,4956.28,66
462,Product_462,Groceries,1196.77,162
463,Product_463,Beauty,4716.52,66
464,Product_464,Groceries,3265.75,97
465,Product_465,Furniture,3058.3,143
466,Product_466,Apparel,2587.81,94
467,Product_467,Groceries,1191.82,122
468,Product_468,Electronics,923.81,156
469,Product_469,Electronics,1141.41,109
470,Product_470,Medical,972.87,163
471,Product_471,Apparel,3908.94,88
472,Product_472,Apparel,1783.12,80
473,Product_473,Medical,336.32,157
474,Product_474,Groceries,4847.06,69
475,Product_475,Apparel,4424.74,22
476,Product_476,Electronics,4642.37,126
477,Product_477,Electronics,4974.79,132
478,Product_478,Beauty,910.78,113
479,Product_479,Furniture,2011.4,137
480,Product_480,Apparel,3803.28,100
481,Product_481,Groceries,3495.3,128
482,Product_482,Medical,811.78,70
483,Product_483,Medical,4088.37,166
484,Product_484,Groceries,1160.98,189
485,Product_485,Sports,1157.9,54
486,Product_486,Automotive,2708.02,65
487,Product_487,Furniture,2985.05,173
488,Product_488,Medical,2921.43,88
489,Product_489,Apparel,502.86,112
490,Product_490,Furniture,4393.43,83
491,Product_491,Apparel,1364.72,184
492,Product_492,Sports,691.1,68
493,Product_493,Electronics,4449.3,168
494,Product_494,Furniture,4780.47,93
495,Product_495,Beauty,4317.53,24
496,Product_496,Medical,4057.1,119
497,Product_497,Furniture,3293.45,89
498,Product_498,Furniture,2776.74,109
499,Product_499,Furniture,480.58,23
500,Product_500,Automotive,2071.84,145
501,Product_501,Furniture,1894.81,58
502,Product_502,Apparel,1335.78,182
503,Product_503,Electronics,3630.93,148
504,Product_504,Sports,2504.58,43
505,Product_505,Groceries,451.18,76
506,Product_506,Furniture,1139.91,119
507,Product_507,Medical,3432.13,89
508,Product_508,Furniture,426.85,60
509,Product_509,Medical,4263.47,193
510,Product_510,Apparel,2500.98,79
511,Product_511,Medical,2428.9,127
512,Product_512,Beauty,2982.42,76
513,Product_513,Groceries,4132.17,50
514,Product_514,Electronics,1771.66,103
515,Product_515,Medical,3406.18,171
516,Product_516,Medical,2850.37,55
517,Product_517,Electronics,1371.79,177
518,Product_518,Groceries,4399.22,171
519,Product_519,Furniture,3997.26,127
520,Product_520,Medical,3309.34,125
521,Product_521,Electronics,4260.38,177
522,Product_522,Beauty,4343.11,105
523,Product_523,Beauty,3556.4,154
524,Product_524,Apparel,4193.22,182
525,Product_525,Electronics,3502.48,33
526,Product_526,Apparel,3416.7,139
527,Product_527,Beauty,3112.13,157
528,Product_528,Groceries,3775.95,99
529,Product_529,Furniture,835.1,163
530,Product_530,Electronics,4410.31,125
531,Product_531,Sports,4365.63,89
532,Product_532,Beauty,194.77,63
533,Product_533,Beauty,4137.79,92
534,Product_534,Sports,687.91,64
535,Product_535,Automotive,1708.84,126
536,Product_536,Beauty,3730.37,103
537,Product_537,Medical,845.76,101
538,Product_538,Groceries,4098.94,126
539,Product_539,Electronics,4169.06,40
540,Product_540,Sports,2561.97,197
541,Product_541,Medical,81.61,180
542,Product_542,Sports,1470.84,26
543,Product_543,Electronics,3103.79,89
544,Product_544,Apparel,4906.87,146
545,Product_545,Electronics,3177.48,162
546,Product_546,Automotive,1336.03,179
547,Product_547,Electronics,3188.33,167
548,Product_548,Electronics,2722.93,162
549,Product_549,Automotive,3910.23,195
550,Product_550,Groceries,579.55,168
551,Product_551,Beauty,3817.09,189
552,Product_552,Electronics,2729.27,173
553,Product_553,Automotive,4816.81,139
554,Product_554,Medical,1742.27,147
555,Product_555,Apparel,3181.48,161
556,Product_556,Apparel,4663.54,76
557,Product_557,Electronics,557.42,184
558,Product_558,Groceries,4689.28,77
559,Product_559,Groceries,3455.03,40
560,Product_560,Medical,385.79,101
561,Product_561,Electronics,1539.77,88
562,Product_562,Apparel,3555.45,150
563,Product_563,Groceries,383.39,106
564,Product_564,Electronics,2931.74,184
565,Product_565,Sports,1762.12,68
566,Product_566,Groceries,3123.53,166
567,Product_567,Automotive,276.42,134
568,Product_568,Sports,4364.11,108
569,Product_569,Beauty,4868.77,104
570,Product_570,Groceries,4845.95,147
571,Product_571,Apparel,3760.78,159
572,Product_572,Furniture,693.93,188
573,Product_573,Sports,3803.4,180
574,Product_574,Beauty,171.71,197
575,Product_575,Medical,159.51,136
576,Product_576,Medical,1651.87,146
577,Product_577,Apparel,2468.78,90
578,Product_578,Groceries,3863.52,105
579,Product_579,Electronics,3432.31,52
580,Product_580,Groceries,2257.22,100
581,Product_581,Apparel,1404.45,171
582,Product_582,Medical,4985.77,80
583,Product_583,Groceries,2159.6,80
584,Product_584,Medical,2284.37,117
585,Product_585,Sports,859.94,47
586,Product_586,Beauty,3984.31,62
587,Product_587,Electronics,3483.73,188
588,Product_588,Sports,1142.81,186
589,Product_589,Medical,457.79,105
590,Product_590,Medical,3418.47,196
591,Product_591,Furniture,3289.83,36
592,Product_592,Furniture,1402.63,117
593,Product_593,Sports,4756.77,117
594,Product_594,Automotive,797.74,84
595,Product_595,Sports,2190.06,93
596,Product_596,Furniture,4720.9,104
597,Product_597,Medical,2127.65,24
598,Product_598,Apparel,3210.7,21
599,Product_599,Sports,2018.09,41
600,Product_600,Medical,1407.37,131
601,Product_601,Apparel,4920.69,76
602,Product_602,Apparel,2076.2,85
603,Product_603,Furniture,4475.79,93
604,Product_604,Sports,1188.28,117
605,Product_605,Groceries,1104.87,163
606,Product_606,Electronics,204.11,131
607,Product_607,Furniture,3275.75,198
608,Product_608,Furniture,1874.21,144
609,Product_609,Groceries,4328.57,186
610,Product_610,Electronics,2392.39,105
611,Product_611,Medical,4842.56,95
612,Product_612,Automotive,968.35,107
613,Product_613,Sports,4349.68,187
614,Product_614,Automotive,3894.15,57
615,Product_615,Medical,3866.06,78
616,Product_616,Beauty,4231.68,157
617,Product_617,Furniture,3817.07,118
618,Product_618,Electronics,3149.79,82
619,Product_619,Furniture,699.66,68
620,Product_620,Apparel,211.0,51
621,Product_621,Furniture,4608.2,154
622,Product_622,Furniture,3102.42,40
623,Product_623,Medical,3992.86,39
624,Product_624,Medical,2433.54,173
625,Product_625,Medical,630.68,146
626,Product_626,Automotive,669.67,87
627,Product_627,Apparel,3443.55,129
628,Product_628,Beauty,2180.01,135
629,Product_629,Beauty,1042.6,162
630,Product_630,Medical,2483.39,139
631,Product_631,Electronics,367.83,98
632,Product_632,Automotive,2930.76,135
633,Product_633,Groceries,1381.52,111
634,Product_634,Electronics,3997.92,33
635,Product_635,Sports,1586.29,174
636,Product_636,Sports,2303.34,144
637,Product_637,Electronics,107.52,187
638,Product_638,Medical,408.61,77
639,Product_639,Groceries,1992.84,47
640,Product_640,Groceries,2425.7,45
641,Product_641,Automotive,3020.1,132
642,Product_642,Groceries,1493.73,85
643,Product_643,Sports,3490.16,172
644,Product_644,Apparel,4307.61,150
645,Product_645,Medical,3910.26,63
646,Product_646,Groceries,246.11,116
647,Product_647,Automotive,2428.51,61
648,Product_648,Sports,569.4,25
649,Product_649,Apparel,1248.12,186
650,Product_650,Furniture,4933.98,199
651,Product_651,Furniture,755.35,42
652,Product_652,Apparel,2519.5,108
653,Product_653,Sports,3109.87,142
654,Product_654,Automotive,3527.2,197
655,Product_655,Apparel,2820.26,190
656,Product_656,Medical,98.37,166
657,Product_657,Medical,1665.98,70
658,Product_658,Furniture,2612.67,30
659,Product_659,Groceries,484.94,31
660,Product_660,Automotive,1785.6,93
661,Product_661,Furniture,214.36,27
662,Product_662,Groceries,438.96,171
663,Product_663,Groceries,2014.77,60
664,Product_664,Beauty,706.94,183
665,Product_665,Medical,2859.33,104
666,Product_666,Sports,3462.85,91
667,Product_667,Electronics,4012.9,74
668,Product_668,Sports,1040.74,156
669,Product_669,Electronics,879.04,66
670,Product_670,Apparel,567.61,162
671,Product_671,Medical,3200.33,195
672,Product_672,Groceries,3547.05,123
673,Product_673,Automotive,206.35,61
674,Product_674,Electronics,4684.25,79
675,Product_675,Sports,307.26,31
676,Product_676,Groceries,2729.42,149
677,Product_677,Electronics,3559.85,26
678,Product_678,Electronics,4361.3,99
679,Product_679,Beauty,3584.73,150
680,Product_680,Electronics,4018.55,128
681,Product_681,Automotive,1730.28,22
682,Product_682,Medical,4083.38,46
683,Product_683,Automotive,446.57,133
684,Product_684,Furniture,4479.34,126
685,Product_685,Groceries,2760.58,59
686,Product_686,Medical,4095.62,180
687,Product_687,Beauty,2288.98,148
688,Product_688,Medical,3235.71,27
689,Product_689,Medical,2655.69,120
690,Product_690,Sports,3671.37,179
691,Product_691,Medical,454.07,143
692,Product_692,Beauty,348.74,195
693,Product_693,Automotive,1273.16,126
694,Product_694,Medical,839.75,120
695,Product_695,Apparel,4365.33,23
696,Product_696,Groceries,1135.11,129
697,Product_697,Medical,4880.53,38
698,Product_698,Groceries,1717.63,51
699,Product_699,Apparel,951.48,156
700,Product_700,Apparel,3959.01,31
701,Product_701,Groceries,3310.6,158
702,Product_702,Electronics,2516.07,65
703,Product_703,Furniture,2799.05,138
704,Product_704,Sports,3610.05,35
705,Product_705,Electronics,1180.85,148
706,Product_706,Electronics,4981.85,82
707,Product_707,Automotive,4875.23,128
708,Product_708,Sports,3269.11,138
709,Product_709,Sports,1037.74,40
710,Product_710,Electronics,3417.13,177
711,Product_711,Medical,407.38,32
712,Product_712,Automotive,201.73,181
713,Product_713,Automotive,1325.53,23
714,Product_714,Apparel,2339.98,175
715,Product_715,Beauty,4347.95,121
716,Product_716,Sports,3649.49,78
717,Product_717,Electronics,3726.4,147
718,Product_718,Apparel,2156.19,46
719,Product_719,Groceries,1762.38,88
720,Product_720,Furniture,1886.64,44
721,Product_721,Beauty,4938.87,150
722,Product_722,Beauty,248.54,116
723,Product_723,Beauty,4341.81,44
724,Product_724,Automotive,2914.44,167
725,Product_725,Groceries,2221.15,181
726,Product_726,Beauty,3640.03,173
727,Product_727,Groceries,2459.01,145
728,Product_728,Medical,4373.45,152
729,Product_729,Beauty,4508.47,28
730,Product_730,Furniture,2137.52,135
731,Product_731,Groceries,1420.3,197
732,Product_732,Groceries,2982.13,153
733,Product_733,Furniture,4566.2,79
734,Product_734,Beauty,1092.78,191
735,Product_735,Furniture,3133.68,140
736,Product_736,Groceries,3176.22,158
737,Product_737,Furniture,3678.91,194
738,Product_738,Groceries,701.26,127
739,Product_739,Groceries,3593.33,127
740,Product_740,Medical,4549.71,150
741,Product_741,Electronics,939.43,95
742,Product_742,Groceries,1225.84,49
743,Product_743,Beauty,4858.41,40
744,Product_744,Apparel,945.84,175
745,Product_745,Automotive,4279.21,180
746,Product_746,Sports,2486.78,182
747,Product_747,Electronics,1273.79,199
748,Product_748,Electronics,4360.21,53
749,Product_749,Electronics,2254.26,60
750,Product_750,Medical,2598.35,70
751,Product_751,Groceries,1828.21,194
752,Product_752,Medical,2985.11,101
753,Product_753,Groceries,859.44,77
754,Product_754,Beauty,1985.85,94
755,Product_755,Medical,4848.59,42
756,Product_756,Medical,1327.76,195
757,Product_757,Automotive,3300.85,147
758,Product_758,Apparel,1659.69,169
759,Product_759,Medical,3878.69,36
760,Product_760,Automotive,697.82,88
761,Product_761,Furniture,4850.61,127
762,Product_762,Apparel,2296.26,158
763,Product_763,Beauty,1218.45,113
764,Product_764,Medical,413.81,34
765,Product_765,Sports,890.3,110
766,Product_766,Electronics,2622.88,182
767,Product_767,Furniture,1718.17,52
768,Product_768,Furniture,4152.97,144
769,Product_769,Beauty,2182.89,35
770,Product_770,Automotive,1281.14,181
771,Product_771,Furniture,3104.87,85
772,Product_772,Apparel,3548.55,187
773,Product_773,Medical,876.86,175
774,Product_774,Medical,879.72,66
775,Product_775,Sports,231.52,186
776,Product_776,Beauty,3695.19,167
777,Product_777,Electronics,3335.83,143
778,Product_778,Automotive,2399.42,20
779,Product_779,Electronics,4228.64,106
780,Product_780,Furniture,4038.07,147
781,Product_781,Beauty,2947.5,86
782,Product_782,Sports,4347.94,23
783,Product_783,Electronics,1068.91,172
784,Product_784,Apparel,604.0,66
785,Product_785,Medical,1385.26,57
786,Product_786,Furniture,332.58,162
787,Product_787,Sports,2679.29,40
788,Product_788,Electronics,4686.2,76
789,Product_789,Automotive,244.75,136
790,Product_790,Apparel,654.44,65
791,Product_791,Apparel,2288.39,161
792,Product_792,Electronics,4672.68,164
793,Product_793,Medical,1614.97,58
794,Product_794,Electronics,2560.81,156
795,Product_795,Furniture,255.79,118
796,Product_796,Electronics,784.3,96
797,Product_797,Apparel,4933.82,134
798,Product_798,Sports,4827.34,153
799,Product_799,Electronics,74.45,170
800,Product_800,Medical,4761.47,110
801,Product_801,Beauty,3213.64,117
802,Product_802,Sports,4346.2,139
803,Product_803,Automotive,2300.96,65
804,Product_804,Groceries,2602.2,57
805,Product_805,Electronics,2469.79,161
806,Product_806,Medical,3350.98,119
807,Product_807,Sports,741.27,91
808,Product_808,Medical,198.37,54
809,Product_809,Automotive,1574.25,166
810,Product_810,Apparel,3538.17,49
811,Product_811,Medical,1049.17,97
812,Product_812,Sports,3383.49,103
813,Product_813,Medical,4851.06,132
814,Product_814,Medical,514.81,44
815,Product_815,Medical,3379.38,187
816,Product_816,Furniture,2246.56,107
817,Product_817,Furniture,4347.3,33
818,Product_818,Apparel,926.89,173
819,Product_819,Electronics,3478.5,121
820,Product_820,Medical,4198.67,169
821,Product_821,Automotive,4725.84,195
822,Product_822,Electronics,3432.08,102
823,Product_823,Automotive,2511.02,129
824,Product_824,Electronics,3108.34,198
825,Product_825,Apparel,4351.08,150
826,Product_826,Medical,2874.52,189
827,Product_827,Medical,200.42,38
828,Product_828,Groceries,4658.2,47
829,Product_829,Automotive,3463.16,192
830,Product_830,Electronics,3398.74,90
831,Product_831,Electronics,1117.59,82
832,Product_832,Beauty,3311.48,92
833,Product_833,Beauty,1999.63,143
834,Product_834,Furniture,3273.6,138
835,Product_835,Groceries,577.64,140
836,Product_836,Sports,3306.33,38
837,Product_837,Beauty,4997.1,194
838,Product_838,Sports,288.65,161
839,Product_839,Furniture,4887.01,139
840,Product_840,Furniture,2064.19,185
841,Product_841,Furniture,4360.23,80
842,Product_842,Automotive,3922.81,183
843,Product_843,Automotive,2856.73,187
844,Product_844,Apparel,3705.32,49
845,Product_845,Apparel,4398.65,28
846,Product_846,Furniture,2050.49,83
847,Product_847,Groceries,1668.81,180
848,Product_848,Electronics,3354.59,139
849,Product_849,Automotive,4048.84,71
850,Product_850,Groceries,3823.31,108
851,Product_851,Medical,3999.18,161
852,Product_852,Automotive,2206.14,72
853,Product_853,Automotive,4098.28,97
854,Product_854,Apparel,645.03,60
855,Product_855,Electronics,2745.22,87
856,Product_856,Electronics,78.51,27
857,Product_857,Beauty,1656.7,21
858,Product_858,Sports,1863.98,124
859,Product_859,Sports,2011.05,144
860,Product_860,Sports,3492.56,129
861,Product_861,Sports,1973.36,105
862,Product_862,Medical,2271.03,188
863,Product_863,Medical,1225.84,139
864,Product_864,Automotive,1897.6,146
865,Product_865,Furniture,1174.98,35
866,Product_866,Apparel,412.32,81
867,Product_867,Apparel,3037.07,132
868,Product_868,Sports,3357.65,195
869,Product_869,Automotive,3116.48,177
870,Product_870,Beauty,2344.3,31
871,Product_871,Groceries,1929.94,54
872,Product_872,Furniture,4323.5,30
873,Product_873,Automotive,2619.45,83
874,Product_874,Furniture,2421.95,69
875,Product_875,Furniture,176.93,168
876,Product_876,Furniture,1739.18,88
877,Product_877,Automotive,1931.97,67
878,Product_878,Sports,2024.17,39
879,Product_879,Apparel,2921.85,120
880,Product_880,Apparel,2691.33,191
881,Product_881,Sports,3059.13,180
882,Product_882,Furniture,3836.17,156
883,Product_883,Groceries,4074.28,87
884,Product_884,Electronics,3604.71,54
885,Product_885,Automotive,4779.84,84
886,Product_886,Electronics,140.25,27
887,Product_887,Beauty,1019.1,64
888,Product_888,Sports,87.44,106
889,Product_889,Groceries,3255.0,194
890,Product_890,Automotive,4495.25,187
891,Product_891,Sports,1255.24,95
892,Product_892,Furniture,4638.82,95
893,Product_893,Apparel,348.32,193
894,Product_894,Electronics,4675.46,66
895,Product_895,Medical,1790.53,34
896,Product_896,Medical,552.03,124
897,Product_897,Groceries,2455.07,166
898,Product_898,Furniture,1321.04,45
899,Product_899,Beauty,1460.12,71
900,Product_900,Electronics,1571.09,112
901,Product_901,Furniture,4024.98,169
902,Product_902,Electronics,2718.85,40
903,Product_903,Groceries,1590.97,70
904,Product_904,Groceries,3071.15,57
905,Product_905,Beauty,3594.95,39
906,Product_906,Medical,1399.49,176
907,Product_907,Furniture,2097.07,198
908,Product_908,Automotive,653.34,151
909,Product_909,Medical,946.69,74
910,Product_910,Furniture,3421.53,111
911,Product_911,Medical,948.12,47
912,Product_912,Automotive,2649.56,23
913,Product_913,Apparel,3559.78,169
914,Product_914,Apparel,579.04,95
915,Product_915,Beauty,2858.2,192
916,Product_916,Apparel,1319.99,86
917,Product_917,Apparel,4816.49,105
918,Product_918,Sports,2443.55,181
919,Product_919,Electronics,4039.66,110
920,Product_920,Sports,2773.62,124
921,Product_921,Sports,264.89,20
922,Product_922,Beauty,3184.1,91
923,Product_923,Sports,4759.45,106
924,Product_924,Apparel,3027.98,185
925,Product_925,Automotive,4104.98,25
926,Product_926,Beauty,4426.82,172
927,Product_927,Beauty,1178.99,164
928,Product_928,Groceries,1099.62,80
929,Product_929,Beauty,3074.36,31
930,Product_930,Groceries,2084.59,25
931,Product_931,Beauty,4207.31,46
932,Product_932,Electronics,4505.11,155
933,Product_933,Apparel,1799.44,143
934,Product_934,Beauty,1222.51,125
935,Product_935,Apparel,3913.6,112
936,Product_936,Apparel,1410.29,128
937,Product_937,Medical,4121.94,118
938,Product_938,Beauty,2147.5,187
939,Product_939,Furniture,3354.37,161
940,Product_940,Medical,522.9,54
941,Product_941,Furniture,3138.1,195
942,Product_942,Apparel,2286.25,103
943,Product_943,Apparel,2953.71,75
944,Product_944,Medical,881.67,196
945,Product_945,Medical,3697.53,160
946,Product_946,Furniture,4320.85,68
947,Product_947,Groceries,1122.86,65
948,Product_948,Furniture,523.79,132
949,Product_949,Medical,167.01,155
950,Product_950,Automotive,3227.76,62
951,Product_951,Medical,3055.12,167
952,Product_952,Automotive,2756.15,143
953,Product_953,Electronics,1198.14,116
954,Product_954,Medical,1984.98,109
955,Product_955,Electronics,2992.66,58
956,Product_956,Groceries,2509.0,104
957,Product_957,Furniture,4939.54,196
958,Product_958,Automotive,725.38,81
959,Product_959,Furniture,3490.97,125
960,Product_960,Electronics,2051.38,126
961,Product_961,Automotive,2169.59,73
962,Product_962,Furniture,3602.11,145
963,Product_963,Medical,3477.56,28
964,Product_964,Apparel,4956.72,107
965,Product_965,Electronics,685.55,56
966,Product_966,Furniture,565.34,68
967,Product_967,Electronics,3635.48,60
968,Product_968,Sports,2913.02,36
969,Product_969,Electronics,1407.1,107
970,Product_970,Automotive,443.13,40
971,Product_971,Sports,474.01,70
972,Product_972,Beauty,4476.24,78
973,Product_973,Automotive,999.74,186
974,Product_974,Apparel,1650.69,60
975,Product_975,Sports,1171.95,58
976,Product_976,Beauty,1807.23,160
977,Product_977,Medical,393.65,30
978,Product_978,Electronics,2619.35,166
979,Product_979,Furniture,384.68,158
980,Product_980,Groceries,4011.76,96
981,Product_981,Electronics,1206.87,146
982,Product_982,Beauty,2723.06,65
983,Product_983,Electronics,4406.39,64
984,Product_984,Apparel,3271.84,20
985,Product_985,Medical,2688.14,187
986,Product_986,Groceries,1655.45,127
987,Product_987,Sports,1698.36,38
988,Product_988,Sports,3363.96,95
989,Product_989,Sports,4970.99,91
990,Product_990,Beauty,3326.1,128
991,Product_991,Automotive,2811.03,31
992,Product_992,Automotive,3666.72,180
993,Product_993,Furniture,2352.77,64
994,Product_994,Groceries,347.7,109
995,Product_995,Sports,2833.37,122
996,Product_996,Automotive,4790.25,27
997,Product_997,Beauty,917.75,172
998,Product_998,Furniture,3465.52,110
999,Product_999,Medical,1044.62,193
1000,Product_1000,Furniture,2702.35,106
